EGID,VAR_NAME,VOL,AREA_F,APT_NUM,ST_NUM,KREIS,ZIPCODE,ROOF,YOC,POC,WOOD,GLASS,METAL,MINERAL,ROOFTILE
165370,b1,1328,119,5,5,10,8049,P,1933,1919 - 1945,4.38,2.5,37.5,325,11.9
165460,b2,1016,109,5,4,10,8049,P,1938,1919 - 1945,34.2,17.5,225,325,51
169578,b3,915,95,1,4,11,8050,P,1933,1919 - 1945,35.08,2,28.85,300,9
169461,b4,422,72,1,4,11,8050,P,1891,< 1919,43.85,0,144.23,250,13.08
161142,b5,5010,215,3,5,9,8047,P,1952,1946 - 1960,31.57,0,86.54,180,47.08
161103,b6,1658,160,6,5,9,8047,P,1941,1919 - 1945,36.27,11.36,68.18,224.55,23.18
161099,b7,1745,160,6,5,9,8047,P,1941,1919 - 1945,5.7,0,30,390,34
162718,b8,579,80,1,4,9,8048,M,1937,1919 - 1945,40,3,5,200,15
169932,b9,1804,143,4,5,11,8057,P,1906,1900 - 1919,19.93,34.97,104.9,318.18,23.78
159647,b10,3604,354,21,5,8,8008,P,1952,1946 - 1960,30.69,19.23,173.08,200,52.31
162960,b11,1735,161,6,5,9,8048,P,1942,1919 - 1945,22.11,0,2.52,201.74,32.98
162970,b12,1705,161,6,5,9,8048,P,1942,1919 - 1945,21.73,0,2.48,198.26,32.41
158522,b13,876,113,5,4,7,8053,P,1965,1961 - 1970,0,11.5,68.99,0,101.65
9001922,b14,589,76,2,4,7,8053,P,1965,1961 - 1970,0,7.73,46.39,0,68.35
165243,b15,8265,490,26,7,10,8049,P,1973,1971 - 1980,87.69,0,30,2000,0
170578,b16,619,72,3,4,11,8050,P,1929,1919 - 1945,10.91,0.72,2.87,99.54,0
170561,b17,936,103,3,4,11,8050,P,1929,1919 - 1945,16.18,1.06,4.26,147.62,0
168991,b18,431,65,1,4,11,8050,P,1939,1919 - 1945,10,0,1,100,13.08
172202,b19,1957,224,8,5,11,8052,F,1961,1961 - 1970,11.96,1.75,157.34,236.36,0
163109,b20,1520,154,3,5,9,8048,M,1929,1919 - 1945,11.4,5,30,0,0
145977,b21,456,68,1,4,3,8045,M,1939,1919 - 1945,10.36,34.09,68.18,0,0
162202,b22,667,80,1,4,9,8048,P,1939,1919 - 1945,22.8,0,0,208,144.5
165293,b23,1376,138,3,5,10,8049,P,1949,1946 - 1960,41.34,0,0,418.03,0
165294,b24,2258,213,6,5,10,8049,P,1949,1946 - 1960,67.84,0,0,685.97,0
144123,b25,2147,238,9,5,2,8002,P,1952,1946 - 1960,0,0,177.93,270.96,103.71
144124,b26,2069,235,6,5,2,8002,P,1952,1946 - 1960,0,0,171.46,261.12,99.94
144119,b27,2119,237,7,5,2,8002,P,1952,1946 - 1960,0,0,175.61,267.43,102.35
162121,b28,351,51,1,4,9,8048,P,1947,1946 - 1960,8.41,0.92,0,47.95,12.54
162122,b29,381,50,1,4,9,8048,P,1947,1946 - 1960,9.13,1,0,52.05,13.61
147215,b30,2386,216,12,5,3,8003,P,1938,1919 - 1945,20,4,0,600,15
147214,b31,2250,216,12,5,3,8003,P,1938,1919 - 1945,0,0,0,1076.83,0
157494,b32,2006,183,7,6,7,8032,P,1945,1919 - 1945,59.42,2.9,34.75,602.26,9.06
157495,b33,3973,300,12,6,7,8032,P,1945,1919 - 1945,117.68,5.73,68.82,1192.82,17.94
157496,b34,2681,245,6,5,7,8032,P,1945,1919 - 1945,79.41,3.87,46.44,804.92,12.1
150976,b35,1218,90,3,5,6,8057,P,1921,1919 - 1945,5.48,0,0.05,53.53,4.67
150977,b36,1444,113,4,5,6,8057,P,1921,1919 - 1945,6.49,0,0.05,63.47,5.53
172240,b37,1744,174,6,5,11,8052,P,1950,1946 - 1960,44.28,0,14.36,837.66,14.36
172239,b38,1942,174,6,5,11,8052,P,1950,1946 - 1960,49.3,0,15.99,932.76,15.99
172251,b39,1863,179,6,5,11,8052,P,1950,1946 - 1960,47.3,0,15.34,894.81,15.34
172250,b40,1738,180,6,5,11,8052,P,1950,1946 - 1960,44.12,0,14.31,834.77,14.31
172242,b41,434,59,1,4,11,8052,P,1949,1946 - 1960,1.46,0,4.01,165.31,0
172243,b42,382,52,1,4,11,8052,P,1949,1946 - 1960,1.29,0,3.53,145.51,0
172244,b43,382,52,1,4,11,8052,P,1949,1946 - 1960,1.29,0,3.53,145.51,0
172245,b44,382,52,1,4,11,8052,P,1949,1946 - 1960,1.29,0,3.53,145.51,0
172246,b45,382,52,1,4,11,8052,P,1949,1946 - 1960,1.29,0,3.53,145.51,0
172247,b46,382,52,1,4,11,8052,P,1949,1946 - 1960,1.29,0,3.53,145.51,0
172248,b47,382,52,1,4,11,8052,P,1949,1946 - 1960,1.29,0,3.53,145.51,0
172249,b48,397,54,1,4,11,8052,P,1949,1946 - 1960,1.34,0,3.67,151.22,0
172212,b49,1841,170,6,5,11,8052,P,1949,1946 - 1960,6.2,0,17,701.24,0
172213,b50,1819,168,6,5,11,8052,P,1949,1946 - 1960,6.13,0,16.8,692.86,0
172214,b51,1819,168,6,5,11,8052,P,1949,1946 - 1960,6.13,0,16.8,692.86,0
172215,b52,1851,171,6,5,11,8052,P,1949,1946 - 1960,6.24,0,17.09,705.05,0
172216,b53,1828,170,6,5,11,8052,P,1949,1946 - 1960,6.16,0,16.88,696.29,0
172211,b54,1827,170,6,5,11,8052,P,1949,1946 - 1960,6.16,0,16.87,695.91,0
171128,b55,2227,171,6,5,11,8052,P,1949,1946 - 1960,7.51,0,20.56,848.27,0
171129,b56,2227,171,6,5,11,8052,P,1949,1946 - 1960,7.51,0,20.56,848.27,0
171130,b57,3217,247,9,5,11,8052,P,1960,1946 - 1960,10.84,0,29.71,1225.37,0
171131,b58,1869,171,6,5,11,8052,P,1949,1946 - 1960,6.3,0,17.26,711.91,0
171132,b59,1859,170,6,5,11,8052,P,1949,1946 - 1960,6.27,0,17.17,708.1,0
171133,b60,1837,168,9,5,11,8052,P,1960,1946 - 1960,6.19,0,16.96,699.72,0
171139,b61,1833,170,6,5,11,8052,P,1949,1946 - 1960,6.18,0,16.93,698.2,0
171140,b62,1822,169,6,5,11,8052,P,1949,1946 - 1960,6.14,0,16.82,694.01,0
171134,b63,1839,170,6,5,11,8052,P,1949,1946 - 1960,6.2,0,16.98,700.48,0
171135,b64,1828,169,6,5,11,8052,P,1949,1946 - 1960,6.16,0,16.88,696.29,0
171136,b65,1028,95,6,5,11,8052,P,1960,1946 - 1960,3.46,0,9.49,391.57,0
172209,b66,1827,170,6,5,11,8052,P,1949,1946 - 1960,6.16,0,16.87,695.91,0
172210,b67,1828,170,6,5,11,8052,P,1949,1946 - 1960,6.16,0,16.88,696.29,0
172219,b68,392,53,1,4,11,8052,P,1949,1946 - 1960,1.32,0,3.62,149.31,0
172220,b69,385,52,1,4,11,8052,P,1949,1946 - 1960,1.3,0,3.56,146.65,0
172221,b70,385,52,1,4,11,8052,P,1949,1946 - 1960,1.3,0,3.56,146.65,0
172222,b71,385,52,1,4,11,8052,P,1949,1946 - 1960,1.3,0,3.56,146.65,0
172223,b72,430,58,1,4,11,8052,P,1949,1946 - 1960,1.45,0,3.97,163.79,0
172224,b73,393,53,1,4,11,8052,P,1949,1946 - 1960,1.32,0,3.63,149.7,0
172225,b74,386,52,1,4,11,8052,P,1949,1946 - 1960,1.3,0,3.56,147.03,0
172226,b75,386,52,1,4,11,8052,P,1949,1946 - 1960,1.3,0,3.56,147.03,0
172227,b76,430,58,1,4,11,8052,P,1949,1946 - 1960,1.45,0,3.97,163.79,0
172229,b77,397,54,1,4,11,8052,P,1949,1946 - 1960,1.34,0,3.67,151.22,0
172230,b78,389,53,1,4,11,8052,P,1949,1946 - 1960,0,0,0,0,0
144507,b79,8734,469,16,7,3,8055,F,1956,1946 - 1960,0,0,78,1231.2,0
146954,b80,2707,224,6,4,3,8055,F,1968,1961 - 1970,2,4,5,1850,0
3169173,b81,935,107,1,5,4,8004,P,1887,< 1919,0,0,0,178.44,0
9001409,b82,3152,196,4,6,4,8004,P,1887,< 1919,0,0,0,601.56,0
160735,b83,912,181,1,5,9,8055,M,1873,< 1919,11.97,2.5,8,67.6,15.3
160590,b84,810,118,1,4,9,8055,P,1936,1919 - 1945,75.24,0,45,0,0
302022856,b85,1182,296,1,2,6,8057,F,1931,1919 - 1945,5.19,3.8,4.56,98.73,7.75
151936,b86,1811,189,3,5,6,8057,F,1931,1919 - 1945,7.96,5.82,6.98,151.27,11.87
157669,b87,7131,752,57,5,7,8053,F,1969,1961 - 1970,48.17,60,183.75,1030.9,0
157673,b88,3172,333,37,5,7,8053,P,1960,1946 - 1960,72.87,0,410.93,949.7,0
157674,b89,348,109,1,2,7,8053,P,1960,1946 - 1960,7.99,0,45.08,104.19,0
157675,b90,2567,247,9,6,7,8053,P,1960,1946 - 1960,58.97,0,332.55,768.56,0
157676,b91,2597,246,9,6,7,8053,P,1960,1946 - 1960,59.66,0,336.44,777.54,0
171866,b92,492,69,1,4,11,8052,P,1850,< 1919,11.4,0,0,120,0
142631,b93,1425,130,6,5,2,8038,P,1931,1919 - 1945,13.54,0,37.1,1530.26,0
142619,b94,1634,150,6,4,2,8038,P,1931,1919 - 1945,15.53,0,42.54,1754.7,0
142620,b95,1656,152,6,4,2,8038,P,1931,1919 - 1945,15.74,0,43.11,1778.33,0
142621,b96,1995,182,6,5,2,8038,P,1931,1919 - 1945,18.96,0,51.94,2142.37,0
142622,b97,1685,150,6,5,2,8038,P,1931,1919 - 1945,16.01,0,43.87,1809.47,0
142623,b98,1685,150,6,5,2,8038,P,1931,1919 - 1945,16.01,0,43.87,1809.47,0
142624,b99,1995,180,6,5,2,8038,P,1931,1919 - 1945,18.96,0,51.94,2142.37,0
142625,b100,1651,150,6,5,2,8038,P,1931,1919 - 1945,15.69,0,42.98,1772.96,0
142626,b101,1639,149,6,5,2,8038,P,1931,1919 - 1945,15.57,0,42.67,1760.07,0
155370,b102,2260,204,1,5,7,8032,M,1945,1919 - 1945,52.62,19.23,230.77,140,14.38
169510,b103,543,70,1,4,11,8050,P,1926,1919 - 1945,0,0.5,0.3,12.6,6.15
153599,b104,840,226,2,3,6,8006,F,1897,< 1919,28.5,0,0,195,0
149286,b105,1570,93,21,6,4,8004,P,1881,< 1919,17.29,1.9,11.38,345.05,0
302004887,b106,1615,92,1,6,4,8004,P,1881,< 1919,17.79,1.95,11.7,354.95,0
162823,b107,493,110,1,3,9,8048,P,1943,1919 - 1945,2.19,1.92,0,25,10.46
144543,b108,2000,205,9,5,3,8055,P,1960,1946 - 1960,25.8,9.05,27.16,626.81,0
144544,b109,2099,204,9,5,3,8055,P,1960,1946 - 1960,27.07,9.5,28.5,657.84,0
144545,b110,2223,203,9,5,3,8055,P,1960,1946 - 1960,28.67,10.06,30.18,696.7,0
144546,b111,3273,306,9,5,3,8055,P,1960,1946 - 1960,42.22,14.81,44.44,1025.77,0
144547,b112,1866,174,9,5,3,8055,P,1960,1946 - 1960,24.07,8.45,25.34,584.81,0
144548,b113,1796,174,9,5,3,8055,P,1960,1946 - 1960,23.17,8.13,24.39,562.87,0
158172,b114,850,123,1,4,7,8053,P,1937,1919 - 1945,5.7,0.03,7.5,0,8.5
149457,b115,3250,183,10,7,4,8004,P,1931,1919 - 1945,37.86,5.93,142.34,185.04,16.13
149458,b116,3800,201,8,6,4,8004,P,1931,1919 - 1945,44.27,6.93,166.42,216.35,18.86
149459,b117,2420,168,8,6,4,8004,P,1931,1919 - 1945,28.19,4.42,105.99,137.78,12.01
149448,b118,2590,181,8,6,4,8004,P,1931,1919 - 1945,30.17,4.73,113.43,147.46,12.86
149449,b119,2420,168,8,6,4,8004,P,1931,1919 - 1945,28.19,4.42,105.99,137.78,12.01
2366535,b120,2490,168,8,6,4,8004,P,1931,1919 - 1945,29.01,4.54,109.05,141.77,12.36
149451,b121,3030,204,8,6,4,8004,P,1931,1919 - 1945,35.3,5.53,132.7,172.51,15.04
149452,b122,1580,133,6,5,4,8004,P,1909,1900 - 1919,18.41,2.88,69.2,89.96,7.84
149453,b123,3030,205,8,6,4,8004,P,1932,1919 - 1945,35.3,5.53,132.7,172.51,15.04
149454,b124,2510,170,8,6,4,8004,P,1932,1919 - 1945,29.24,4.58,109.93,142.91,12.46
149455,b125,2510,170,8,6,4,8004,P,1932,1919 - 1945,29.24,4.58,109.93,142.91,12.46
149456,b126,2680,181,8,6,4,8004,P,1932,1919 - 1945,31.22,4.89,117.37,152.58,13.3
149440,b127,2540,170,7,6,4,8004,P,1932,1919 - 1945,29.59,4.64,111.24,144.61,12.61
149441,b128,2540,170,8,6,4,8004,P,1933,1919 - 1945,29.59,4.64,111.24,144.61,12.61
149442,b129,3040,201,8,6,4,8004,P,1933,1919 - 1945,35.41,5.55,133.14,173.08,15.09
149443,b130,2720,172,8,6,4,8004,P,1933,1919 - 1945,31.69,4.96,119.12,154.86,13.5
149460,b131,3445,199,10,7,4,8004,P,1931,1919 - 1945,40.13,6.29,150.88,196.14,17.1
149461,b132,3130,182,10,7,4,8004,P,1931,1919 - 1945,36.46,5.71,137.08,178.2,15.54
149462,b133,3570,205,10,7,4,8004,P,1931,1919 - 1945,41.59,6.51,156.35,203.26,17.72
149463,b134,3155,181,10,7,4,8004,P,1931,1919 - 1945,36.75,5.76,138.18,179.63,15.66
149444,b135,3090,205,8,6,4,8004,P,1933,1919 - 1945,36,5.64,135.33,175.93,15.34
149445,b136,3090,205,8,6,4,8004,P,1933,1919 - 1945,36,5.64,135.33,175.93,15.34
149446,b137,3090,206,8,6,4,8004,P,1933,1919 - 1945,36,5.64,135.33,175.93,15.34
149447,b138,2780,185,8,6,4,8004,P,1933,1919 - 1945,32.39,5.07,121.75,158.28,13.8
11516014,b139,481,68,1,4,11,8052,P,1938,1919 - 1945,4.26,0,0,187.17,0
172420,b140,608,120,1,4,11,8052,M,1938,1919 - 1945,5.27,0,0,231.62,0
145205,b141,930,87,2,5,3,8045,P,1878,< 1919,17.1,3.42,5.7,113.97,5.7
145206,b142,702,86,3,5,3,8045,P,1878,< 1919,12.9,2.58,4.3,86.03,4.3
158063,b143,981,87,1,4,7,8053,P,1928,1919 - 1945,8.55,2.5,75,130,8.5
144243,b144,1664,181,5,5,2,8002,P,1953,1946 - 1960,51.52,33.89,67.79,105.75,0
144244,b145,2018,205,8,6,2,8002,P,1953,1946 - 1960,62.48,41.11,82.21,128.25,0
160123,b146,640,109,1,3,8,8008,P,1939,1919 - 1945,5.84,0.49,3.89,145.9,3.89
160124,b147,676,108,1,3,8,8008,P,1940,1919 - 1945,6.16,0.51,4.11,154.1,4.11
162548,b148,2008,224,5,5,9,8048,P,1945,1919 - 1945,7.41,5,7.5,377,8.5
142614,b149,1343,143,6,5,2,8038,P,1949,1946 - 1960,0,0,2.06,48,66
162951,b150,1430,148,3,5,9,8048,P,1907,1900 - 1919,0,192.31,92.31,288,15.69
162997,b151,1730,143,1,5,9,8048,P,1894,< 1919,114,25,2,390,85
163561,b152,1661,170,6,5,9,8048,P,1948,1946 - 1960,61,3.78,47.29,591.1,0
163562,b153,1644,169,6,5,9,8048,P,1948,1946 - 1960,60.38,3.74,46.8,585.05,0
163563,b154,1734,170,6,5,9,8048,P,1948,1946 - 1960,63.68,3.95,49.37,617.08,0
163564,b155,1986,194,6,5,9,8048,P,1948,1946 - 1960,72.94,4.52,56.54,706.76,0
161961,b156,485,94,1,3,9,8048,P,1941,1919 - 1945,0,0,0,50,32.69
161965,b157,547,94,1,3,9,8048,P,1942,1919 - 1945,2.02,0,0,0,0
153660,b158,3050,227,32,6,6,8006,O,1880,< 1919,68,1,11,1180,26
161105,b159,4221,370,17,5,9,8047,P,1956,1946 - 1960,25.24,3.79,25.24,959.13,37.86
161106,b160,1666,398,1,2,9,8047,F,1932,1919 - 1945,10.28,1.54,10.28,390.5,15.41
9001488,b161,9370,798,1,5,9,8047,P,1946,1946 - 1960,52.78,7.92,52.78,2005.63,79.17
161107,b162,622,95,1,3,9,8047,F,1950,1946 - 1960,3.89,0.58,3.89,147.69,5.83
174093,b163,697,88,2,4,12,8051,P,1904,1900 - 1919,0,11.54,34.62,108,31.38
144615,b164,1175,109,3,4,3,8055,P,1940,1919 - 1945,0,0,0,100,13.08
154123,b165,1561,158,1,5,6,8006,P,1923,1919 - 1945,99.09,3.85,225,149,20.92
302023599,b166,74,30,1,1,11,8046,P,1941,1919 - 1945,0,0,0,9.45,6.18
168005,b167,598,61,1,4,11,8046,P,1941,1919 - 1945,0,0,0,76.37,49.94
302023598,b168,111,44,1,1,11,8046,F,1941,1919 - 1945,0,0,0,14.18,9.27
150270,b169,2920,184,26,8,5,8005,O,1893,< 1919,167.08,21.98,65.95,762.1,0
302005053,b170,955,198,1,3,5,8005,F,1894,< 1919,54.64,7.19,21.57,249.25,0
150305,b171,3285,198,10,8,5,8005,O,1894,< 1919,187.96,24.73,74.2,857.37,0
302005054,b172,503,118,1,3,5,8005,F,1893,< 1919,28.78,3.79,11.36,131.28,0
154254,b173,548,63,2,5,6,8006,O,1919,1919 - 1945,7,0.5,1.02,136,5
162832,b174,1480,104,3,5,9,8048,P,1927,1919 - 1945,60.85,1.33,120.09,131.83,18.15
162839,b175,505,70,1,4,9,8048,P,1928,1919 - 1945,21.76,0.48,42.94,47.14,6.49
154984,b176,2260,177,8,5,7,8044,P,1934,1919 - 1945,15.55,18.18,204.55,827.27,30.91
145256,b177,1415,130,2,4,3,8055,P,1923,1919 - 1945,17.54,9.62,28.85,300,19.62
147285,b178,3668,377,25,7,3,8055,F,1971,1971 - 1980,21.92,14.23,346.15,220,0
166297,b179,2898,271,6,5,10,8037,P,1948,1946 - 1960,171,0,115.38,260,51
145137,b180,3192,258,12,6,3,8045,P,1946,1946 - 1960,0,5,20,850,60
145405,b181,1724,307,2,4,3,8045,M,1926,1919 - 1945,19.93,0.91,2.73,272.73,23.78
145406,b182,760,70,1,4,3,8045,P,1927,1919 - 1945,8.77,1,3,100,13.08
172522,b183,416,59,1,4,11,8052,P,1936,1919 - 1945,11.96,5.24,15.73,63.64,0
170642,b184,589,70,3,4,11,8050,P,1918,1900 - 1919,0,11.43,7.62,152.38,19.05
170644,b185,589,70,1,4,11,8050,P,1918,1900 - 1919,0,11.43,7.62,152.38,19.05
163020,b186,2310,216,4,6,9,8048,P,1929,1919 - 1945,26.31,3,0,150,6.54
163096,b187,3859,263,12,5,9,8048,F,1969,1961 - 1970,43.85,76.92,288.46,200,0
154348,b188,1199,136,1,4,7,8044,P,1925,1919 - 1945,17.54,1.92,5.77,400,0
158196,b189,703,113,1,4,7,8053,P,1948,1946 - 1960,17.1,5,1,156,17
154994,b190,1339,149,6,5,7,8044,P,1951,1946 - 1960,7.41,7.5,15,195,0
157395,b191,2297,175,8,6,7,8032,O,1930,1919 - 1945,40.9,71.75,107.62,559.62,0
157349,b192,2451,176,11,6,7,8032,O,1930,1919 - 1945,43.58,76.46,114.69,596.39,0
157350,b193,2434,175,10,6,7,8032,O,1930,1919 - 1945,43.29,75.94,113.91,592.34,0
157351,b194,2352,174,8,6,7,8032,O,1930,1919 - 1945,41.86,73.43,110.15,572.76,0
157352,b195,2550,173,10,6,7,8032,O,1930,1919 - 1945,45.31,79.49,119.23,619.99,0
151005,b196,226,69,2,1,6,8057,P,1948,1946 - 1960,0.77,0.61,1.45,12.15,0
151006,b197,1729,165,6,5,6,8057,P,1948,1946 - 1960,5.91,4.63,11.12,92.97,0
151007,b198,1431,149,6,5,6,8057,P,1948,1946 - 1960,4.89,3.83,9.2,76.94,0
151008,b199,1721,165,6,5,6,8057,P,1948,1946 - 1960,5.89,4.61,11.06,92.54,0
151009,b200,1488,149,6,5,6,8057,P,1948,1946 - 1960,5.09,3.99,9.57,80.01,0
151010,b201,1720,166,6,5,6,8057,P,1948,1946 - 1960,5.88,4.61,11.06,92.48,0
151017,b202,1490,148,6,5,6,8057,P,1948,1946 - 1960,5.1,3.99,9.58,80.12,0
151018,b203,993,98,3,5,6,8057,P,1948,1946 - 1960,3.4,2.66,6.38,53.39,0
151019,b204,1523,150,6,5,6,8057,P,1947,1946 - 1960,5.21,4.08,9.79,81.89,0
151020,b205,1490,150,6,5,6,8057,P,1947,1946 - 1960,5.1,3.99,9.58,80.12,0
151021,b206,1110,151,4,4,6,8057,P,1947,1946 - 1960,3.8,2.97,7.14,59.68,0
151022,b207,1512,150,6,5,6,8057,P,1947,1946 - 1960,5.17,4.05,9.72,81.3,0
151023,b208,1496,149,6,5,6,8057,P,1947,1946 - 1960,5.12,4.01,9.62,80.44,0
151024,b209,1110,151,4,4,6,8057,P,1947,1946 - 1960,3.8,2.97,7.14,59.68,0
151025,b210,1454,151,6,5,6,8057,P,1946,1946 - 1960,4.97,3.9,9.35,78.18,0
151026,b211,1421,149,6,4,6,8057,P,1946,1946 - 1960,4.86,3.81,9.14,76.41,0
151027,b212,1417,149,6,4,6,8057,P,1946,1946 - 1960,4.85,3.8,9.11,76.19,0
151003,b213,2198,218,9,5,6,8057,P,1945,1919 - 1945,98.65,1.92,0,920,0
165181,b214,967,108,1,5,10,8049,P,1931,1919 - 1945,0,2.5,13,470,10
171850,b215,825,104,1,4,11,8052,P,1934,1919 - 1945,8.1,0,0,68.2,48.8
161605,b216,2240,208,9,5,9,8047,P,1940,1919 - 1945,19.29,0.1,0.9,40,17
144458,b217,2077,193,9,5,3,8055,P,1942,1919 - 1945,60,2,20,1300,50
3169497,b218,305,64,1,3,11,8046,P,1858,< 1919,10.47,0,3.9,109.29,12.86
153107,b219,1142,158,3,3,6,8057,M,1928,1919 - 1945,80,1,10,340,10
160550,b220,730,111,1,3,9,8055,P,1933,1919 - 1945,11.82,0,35,65.45,0
161135,b221,4522,317,20,6,9,8047,F,1965,1961 - 1970,30,30,30,650,0
162888,b222,2272,208,6,5,9,8048,P,1950,1946 - 1960,12.06,6.34,0,175.97,25.17
162889,b223,2872,263,9,5,9,8048,P,1950,1946 - 1960,15.07,7.93,0,219.98,31.46
158596,b224,534,115,1,4,7,8053,P,1951,1946 - 1960,13.15,0.77,2.31,630,26.15
172842,b225,652,90,1,4,11,8052,P,1920,1919 - 1945,0,17.48,0,36.36,11.89
166546,b226,1389,146,6,5,10,8037,P,1956,1946 - 1960,0,0,0,0,0
302047118,b227,1430,211,1,2,2,8002,P,1926,1919 - 1945,68.73,0,77.91,211.73,12.54
143594,b228,1535,274,1,5,2,8002,F,1926,1919 - 1945,73.77,0,83.63,227.27,13.46
156670,b229,1475,163,1,3,7,8032,P,1925,1919 - 1945,0,3.21,0,416.67,10.9
162491,b230,593,70,1,4,9,8048,P,1912,1900 - 1919,26.31,19.23,115.38,260,26.15
154716,b231,1089,169,1,4,7,8044,P,1950,1946 - 1960,2.08,0.42,0.83,12.5,0
154360,b232,1748,134,1,5,7,8044,P,1928,1919 - 1945,10.36,2.27,6.82,212.73,30.91
151016,b233,777,91,1,4,6,8006,O,1925,1919 - 1945,10.44,0,1.16,104.37,22.75
151013,b234,563,66,1,4,6,8006,O,1925,1919 - 1945,7.56,0,0.84,75.63,16.48
165714,b235,583,78,1,4,10,8049,P,1908,1900 - 1919,6.38,0,0,96,0
165718,b236,1343,178,2,4,10,8049,M,1929,1919 - 1945,30,0.5,1,350,5
172744,b237,1384,177,2,4,11,8050,P,1957,1946 - 1960,0,0,0,230.22,1.96
302016922,b238,2307,406,1,3,11,8050,F,1962,1961 - 1970,0,0,0,374.72,3.19
162281,b239,971,117,1,4,9,8048,M,1930,1919 - 1945,0,1,6,230,12
158323,b240,530,84,1,3,7,8053,P,1952,1946 - 1960,11.4,2.5,15,195,13.6
147553,b241,1572,117,5,6,3,8003,P,1895,< 1919,28.5,9.62,30,1040,17
162429,b242,750,87,1,4,9,8048,P,1926,1919 - 1945,12.95,2.27,13.64,177.27,46.36
162444,b243,375,55,1,2,9,8048,P,1943,1919 - 1945,6.58,0,0,50,0
162438,b244,1705,166,6,5,9,8048,P,1951,1946 - 1960,20,0,5,550,9
141453,b245,1901,185,6,5,2,8038,P,1949,1946 - 1960,0,0,0,195.61,12.79
141454,b246,1978,181,6,5,2,8038,P,1949,1946 - 1960,0,0,0,203.53,13.31
141455,b247,1952,185,6,4,2,8038,P,1949,1946 - 1960,0,0,0,200.86,13.13
143815,b248,45753,3865,130,11,2,8002,M,1987,> 1986,120,110,5050,3960,95
153561,b249,1850,205,12,6,6,8006,P,1937,1919 - 1945,10,4,6,200,61.2
156158,b250,874,121,7,4,7,8032,P,1888,< 1919,10.97,0,0,25.01,2.18
156159,b251,1771,121,5,6,7,8032,P,1887,< 1919,22.22,0,0,50.69,4.42
156160,b252,1718,119,8,7,7,8032,P,1887,< 1919,21.56,0,0,49.17,4.29
156161,b253,878,121,1,4,7,8032,P,1888,< 1919,11.02,0,0,25.13,2.19
167244,b254,1092,107,3,5,10,8037,P,1891,< 1919,21.82,0,45.45,281.82,18.18
167245,b255,1003,103,3,5,10,8037,P,1891,< 1919,0,1.59,23.82,123.88,8.1
167246,b256,1954,130,4,7,10,8037,P,1892,< 1919,0,2.92,43.78,227.63,14.88
166278,b257,1170,125,2,4,10,8037,P,1925,1919 - 1945,0,0,0,65,17
169455,b258,743,120,2,4,11,8050,M,1920,1919 - 1945,20,0,5,261,0
141407,b259,850,141,1,3,2,8038,P,1931,1919 - 1945,15,1,8,250,6
169980,b260,1270,146,1,3,11,8050,P,1909,1900 - 1919,37.1,2.5,23.4,750,16
170948,b261,1253,171,1,4,11,8050,M,1938,1919 - 1945,6.58,9.62,11.54,500,52.31
170740,b262,1807,159,11,5,11,8050,P,1939,1919 - 1945,25.19,0,110.48,255.34,33.39
170741,b263,1873,158,6,5,11,8050,P,1939,1919 - 1945,26.11,0,114.52,264.66,34.61
168805,b264,993,104,3,4,11,8050,P,1896,< 1919,10.18,1.43,0,18.57,1.21
170761,b265,3536,306,16,6,11,8050,P,1960,1946 - 1960,48.07,3.51,84.33,438.5,14.34
302024530,b266,424,98,1,2,11,8050,F,1906,1900 - 1919,5.96,0.44,10.45,54.33,1.78
302024532,b267,5363,357,20,6,11,8050,P,1906,1900 - 1919,71.55,5.23,125.53,652.74,21.34
164939,b268,1434,173,6,4,10,8049,P,1955,1946 - 1960,87.7,43.96,0,428.59,0
164940,b269,1409,170,6,4,10,8049,P,1955,1946 - 1960,86.2,43.21,0,421.28,0
164941,b270,2177,210,9,5,10,8049,P,1955,1946 - 1960,131.64,65.98,0,643.33,0
164942,b271,1361,178,4,4,10,8049,P,1955,1946 - 1960,83.33,41.77,0,407.23,0
164439,b272,882,135,1,4,10,8049,P,1934,1919 - 1945,5,37.5,37.5,195,85
164430,b273,615,83,1,4,10,8049,P,1933,1919 - 1945,17.1,0,75,130,0
164443,b274,1600,191,5,5,10,8049,P,1951,1946 - 1960,0,1.54,4.62,230.77,11.54
167848,b275,1259,161,4,4,11,8046,P,1957,1946 - 1960,13.47,6.93,84.68,554.25,11.55
167849,b276,1516,157,6,5,11,8046,P,1957,1946 - 1960,16.22,8.34,101.96,667.39,13.9
167851,b277,1460,156,6,4,11,8046,P,1957,1946 - 1960,15.62,8.03,98.2,642.74,13.39
167853,b278,802,115,2,3,11,8046,P,1957,1946 - 1960,8.58,4.41,53.94,353.07,7.36
167854,b279,1256,160,4,4,11,8046,P,1957,1946 - 1960,13.44,6.91,84.48,552.93,11.52
167850,b280,1796,187,6,5,11,8046,P,1956,1946 - 1960,19.22,9.88,120.79,790.66,16.47
167852,b281,1763,186,6,5,11,8046,P,1956,1946 - 1960,18.86,9.7,118.58,776.13,16.17
167912,b282,1345,187,4,4,11,8046,P,1956,1946 - 1960,14.39,7.4,90.46,592.11,12.34
167914,b283,1306,187,4,4,11,8046,P,1956,1946 - 1960,13.97,7.19,87.84,574.94,11.98
167931,b284,1145,162,4,4,11,8046,P,1956,1946 - 1960,12.25,6.3,77.01,504.07,10.5
167932,b285,1350,144,6,5,11,8046,P,1956,1946 - 1960,14.45,7.43,90.8,594.31,12.38
167873,b286,1357,145,6,4,11,8046,P,1956,1946 - 1960,14.52,7.47,91.27,597.4,12.45
167994,b287,961,131,1,4,11,8046,P,1949,1946 - 1960,24.3,1.16,15.04,671.14,35.87
167995,b288,700,136,1,3,11,8046,F,1972,1971 - 1980,17.7,0.84,10.96,488.86,26.13
164824,b289,552,88,1,4,10,8049,P,1950,1946 - 1960,10.36,0,0,118.18,23.18
164949,b290,447,68,1,4,10,8049,P,1939,1919 - 1945,5.18,4.55,0,141.82,6.18
164959,b291,870,121,2,4,10,8049,P,1939,1919 - 1945,65.77,2,10,325,31.38
166897,b292,484,72,1,5,10,8037,P,1889,< 1919,74.1,0,75,390,25.5
144006,b293,915,103,1,4,2,8002,P,1944,1919 - 1945,18,0,0,200,2.62
151726,b294,800,86,1,4,6,8006,O,1923,1919 - 1945,85.5,0,600,390,34
171171,b295,843,91,2,4,11,8052,P,1935,1919 - 1945,31.32,0,148.35,642.86,18.68
171326,b296,1387,202,5,4,11,8052,P,1940,1919 - 1945,29.23,1.6,173.08,250,13.08
147047,b297,2230,158,8,6,3,8055,P,1956,1946 - 1960,0,0,0,0,0
163662,b298,2278,188,8,6,9,8048,P,1930,1919 - 1945,11.34,5.27,0,123.53,16.91
163663,b299,2301,187,8,6,9,8048,P,1930,1919 - 1945,11.46,5.32,0,124.77,17.09
170877,b300,1955,180,6,5,11,8057,P,1931,1919 - 1945,0,0,0,0,0
172559,b301,2701,215,13,6,11,8052,P,1939,1919 - 1945,10,5,10,600,5
9011811,b302,3556,383,16,6,11,8046,P,1953,1946 - 1960,30.6,0,18,1055.86,22.86
2370477,b303,1290,271,1,3,11,8052,P,1950,1946 - 1960,2.01,4.58,10.05,22.92,8.39
171408,b304,2235,172,8,6,11,8052,P,1948,1946 - 1960,3.48,7.94,17.41,39.71,14.54
171409,b305,2235,172,8,6,11,8052,P,1948,1946 - 1960,3.48,7.94,17.41,39.71,14.54
171410,b306,2249,173,8,6,11,8052,P,1948,1946 - 1960,3.5,7.99,17.52,39.96,14.63
171411,b307,2247,173,8,6,11,8052,P,1948,1946 - 1960,3.5,7.98,17.5,39.92,14.62
171412,b308,2247,173,8,6,11,8052,P,1948,1946 - 1960,3.5,7.98,17.5,39.92,14.62
171413,b309,2261,174,8,6,11,8052,P,1948,1946 - 1960,3.52,8.03,17.61,40.17,14.71
171456,b310,1765,170,6,5,11,8052,P,1948,1946 - 1960,2.75,6.27,13.75,31.36,11.48
171457,b311,1764,170,6,5,11,8052,P,1948,1946 - 1960,2.75,6.27,13.74,31.34,11.48
148561,b312,3150,204,8,7,4,8004,O,1896,< 1919,142.5,5,75,1040,0
160469,b313,1070,134,1,5,9,8047,P,1930,1919 - 1945,17.54,1.92,5.77,400,0
145771,b314,1326,134,6,5,3,8055,P,1933,1919 - 1945,0,0.99,4.97,322.93,0
145772,b315,1347,132,6,5,3,8055,P,1933,1919 - 1945,0,1.01,5.05,328.04,0
145773,b316,1330,137,6,5,3,8055,P,1934,1919 - 1945,0,1,4.98,323.9,0
145774,b317,1335,140,6,5,3,8055,P,1934,1919 - 1945,0,1,5,325.12,0
151565,b318,1945,174,5,5,6,8057,P,1934,1919 - 1945,3.21,2.82,6.51,190.55,6.71
151566,b319,1945,174,6,5,6,8057,P,1934,1919 - 1945,3.21,2.82,6.51,190.55,6.71
151567,b320,1945,175,5,5,6,8057,P,1934,1919 - 1945,3.21,2.82,6.51,190.55,6.71
151569,b321,1945,175,6,5,6,8057,P,1934,1919 - 1945,3.21,2.82,6.51,190.55,6.71
151571,b322,2790,251,6,5,6,8057,P,1933,1919 - 1945,4.61,4.04,9.33,273.34,9.62
151513,b323,1723,174,6,4,6,8057,P,1934,1919 - 1945,2.85,2.5,5.76,168.8,5.94
151514,b324,2167,175,6,5,6,8057,P,1934,1919 - 1945,3.58,3.14,7.25,212.3,7.47
151493,b325,2790,251,6,4,6,8057,P,1933,1919 - 1945,4.61,4.04,9.33,273.34,9.62
153019,b326,18187,1292,138,10,6,8006,F,1965,1961 - 1970,0,0,0,0,0
162415,b327,863,104,2,4,9,8048,P,1914,1900 - 1919,9,0,9,244,0
165124,b328,698,79,1,4,10,8049,P,1933,1919 - 1945,35.08,3.85,115.38,140,26.15
141350,b329,1737,154,6,5,2,8038,P,1950,1946 - 1960,21.42,0,14.09,1221.28,6.39
141352,b330,1760,156,6,5,2,8038,P,1950,1946 - 1960,21.7,0,14.28,1237.45,6.47
141356,b331,1754,155,6,5,2,8038,P,1950,1946 - 1960,21.63,0,14.23,1233.23,6.45
141357,b332,1743,154,6,5,2,8038,P,1950,1946 - 1960,21.49,0,14.14,1225.5,6.41
141354,b333,2172,156,8,6,2,8038,P,1950,1946 - 1960,26.78,0,17.62,1527.13,7.99
141355,b334,2171,156,8,6,2,8038,P,1950,1946 - 1960,26.77,0,17.61,1526.43,7.98
141358,b335,1799,160,6,5,2,8038,P,1950,1946 - 1960,22.18,0,14.59,1264.87,6.62
141348,b336,1867,166,6,5,2,8038,P,1950,1946 - 1960,23.02,0,15.15,1312.68,6.87
141349,b337,1856,165,6,5,2,8038,P,1950,1946 - 1960,22.89,0,15.06,1304.95,6.83
141333,b338,2149,192,6,5,2,8038,P,1950,1946 - 1960,26.5,0,17.43,1510.96,7.9
141334,b339,1914,171,6,5,2,8038,P,1950,1946 - 1960,23.6,0,15.53,1345.73,7.04
141337,b340,2190,144,12,5,2,8038,P,1965,1961 - 1970,27.01,0,17.77,1539.78,8.05
141449,b341,530,64,1,4,2,8038,P,1938,1919 - 1945,3.95,1.73,5.77,78,3.01
155315,b342,2470,312,2,5,7,8044,M,1925,1919 - 1945,25.91,4.55,13.64,354.55,30.91
161194,b343,2282,198,6,5,9,8047,P,1938,1919 - 1945,0,0,103.85,230,19.62
174046,b344,1770,221,6,4,12,8051,P,1955,1946 - 1960,57,7.5,300,195,34
174297,b345,1192,128,1,5,12,8051,M,1929,1919 - 1945,0,0,0,0,0
173947,b346,1010,176,1,5,12,8050,P,1953,1946 - 1960,10,1.25,7.9,180,28
165128,b347,424,73,1,4,10,8049,P,1936,1919 - 1945,11.4,2.5,7.5,53.3,0
165143,b348,856,83,1,4,10,8049,P,1933,1919 - 1945,22.23,5,7.5,93.6,37.4
151339,b349,461,63,1,4,6,8057,P,1913,1900 - 1919,28.5,2.5,7.5,26,0
151964,b350,1501,151,6,5,6,8057,P,1927,1919 - 1945,12.24,4.03,20.14,349.05,0
302006297,b351,499,192,1,1,6,8057,F,1930,1919 - 1945,4.27,1.4,7.02,121.71,0
166798,b352,1848,181,3,5,10,8037,P,1934,1919 - 1945,87.69,19.23,230.77,300,104.62
148127,b353,3170,169,10,7,3,8003,O,1897,< 1919,60,0,10,2000,0
174689,b354,1226,126,2,5,12,8051,O,1932,1919 - 1945,85.5,0,375,650,102
174383,b355,1553,192,1,5,12,8051,P,1946,1946 - 1960,0,0,0,0,0
174384,b356,1596,178,4,4,12,8051,P,1946,1946 - 1960,0,0,0,0,0
153400,b357,2438,178,7,6,6,8006,P,1938,1919 - 1945,0,0,0,0,0
165049,b358,608,69,2,4,10,8049,M,1930,1919 - 1945,0,0,0,0,0
166520,b359,2785,208,12,6,10,8037,P,1935,1919 - 1945,0,0,0,0,0
158016,b360,923,132,1,4,7,8053,P,1951,1946 - 1960,0,0,0,0,0
156842,b361,504,63,1,5,7,8032,P,1877,< 1919,0,0,0,0,0
158012,b362,984,163,1,4,7,8032,M,1956,1946 - 1960,0,0,0,0,0
158014,b363,831,93,1,4,7,8053,P,1930,1919 - 1945,0,0,0,0,0
157731,b364,1955,246,4,4,7,8053,M,1946,1946 - 1960,5.7,12.5,15,26,0
168901,b365,1178,106,3,5,11,8046,P,1968,1961 - 1970,45.6,5,37.5,390,8.5
141744,b366,1125,128,2,4,2,8038,P,1936,1919 - 1945,35.08,9.62,46.15,200,15.69
163589,b367,1047,146,3,4,9,8048,M,1929,1919 - 1945,0,0,0,0,0
163590,b368,511,67,1,4,9,8048,P,1930,1919 - 1945,0,0,0,0,0
154509,b369,551,101,1,4,7,8044,P,1950,1946 - 1960,0,0,0,0,0
155298,b370,420,58,1,4,7,8044,P,1935,1919 - 1945,95,2.08,12.5,65,0
158545,b371,551,76,5,4,7,8053,P,1965,1961 - 1970,23.6,0,93.14,188.36,0
158546,b372,780,112,2,4,7,8053,P,1965,1961 - 1970,33.4,0,131.86,266.64,0
162811,b373,1596,238,1,3,9,8048,P,1949,1946 - 1960,8.77,0,28.85,300,13.08
162624,b374,1672,192,4,4,9,8048,P,1950,1946 - 1960,14.27,0.57,5.14,342.5,10.28
162625,b375,1372,163,4,4,9,8048,P,1950,1946 - 1960,11.72,0.47,4.22,281.34,8.44
162626,b376,1388,165,4,4,9,8048,P,1950,1946 - 1960,11.86,0.47,4.27,284.6,8.54
162627,b377,2120,193,6,5,9,8048,P,1950,1946 - 1960,18.07,0.72,6.5,433.61,13.01
162628,b378,1680,192,5,4,9,8048,P,1950,1946 - 1960,14.34,0.57,5.16,344.13,10.32
162629,b379,1351,186,4,3,9,8048,P,1950,1946 - 1960,11.54,0.46,4.16,277.05,8.31
162630,b380,2009,166,6,5,9,8048,P,1950,1946 - 1960,17.13,0.69,6.17,411.06,12.33
162631,b381,1680,195,5,4,9,8048,P,1950,1946 - 1960,14.34,0.57,5.16,344.13,10.32
162632,b382,1584,184,4,4,9,8048,P,1950,1946 - 1960,13.52,0.54,4.87,324.57,9.74
162633,b383,1776,165,6,5,9,8048,P,1950,1946 - 1960,15.15,0.61,5.46,363.68,10.91
162634,b384,1680,194,5,5,9,8048,P,1950,1946 - 1960,14.34,0.57,5.16,344.13,10.32
162635,b385,1579,184,4,4,9,8048,P,1950,1946 - 1960,13.48,0.54,4.85,323.56,9.71
162636,b386,1781,166,6,5,9,8048,P,1950,1946 - 1960,15.2,0.61,5.47,364.7,10.94
162810,b387,1527,167,5,4,9,8048,P,1950,1946 - 1960,13.04,0.52,4.69,312.96,9.39
162812,b388,1525,164,5,4,9,8048,P,1950,1946 - 1960,13.02,0.52,4.69,312.55,9.38
162814,b389,1280,162,4,4,9,8048,P,1950,1946 - 1960,10.94,0.44,3.94,262.56,7.88
162815,b390,1590,161,4,5,9,8048,P,1950,1946 - 1960,13.57,0.54,4.89,325.8,9.77
162817,b391,1529,166,5,4,9,8048,P,1950,1946 - 1960,13.06,0.52,4.7,313.36,9.4
151174,b392,825,95,1,4,6,8057,P,1895,< 1919,21.92,5.77,28.85,50,2.62
166563,b393,8610,355,95,10,10,8037,F,1960,1946 - 1960,87.66,0,49.15,1454.93,0
166561,b394,1900,333,3,4,10,8037,F,1960,1946 - 1960,19.34,0,10.85,321.07,0
162463,b395,329,85,1,2,9,8048,P,1950,1946 - 1960,15.46,0,1.18,62.95,0.81
162466,b396,1162,175,4,3,9,8048,P,1949,1946 - 1960,54.28,0,4.16,221.05,2.85
162468,b397,1227,176,4,3,9,8048,P,1949,1946 - 1960,57.3,0,4.39,233.31,3.01
162461,b398,300,84,1,2,9,8048,P,1950,1946 - 1960,14.1,0,1.08,57.42,0.74
162470,b399,1164,174,4,3,9,8048,P,1949,1946 - 1960,54.38,0,4.16,221.43,2.86
162469,b400,1192,174,5,3,9,8048,P,1949,1946 - 1960,55.67,0,4.26,226.71,2.93
162471,b401,327,84,1,2,9,8048,P,1950,1946 - 1960,15.37,0,1.18,62.57,0.81
162480,b402,1143,175,4,3,9,8048,P,1949,1946 - 1960,53.4,0,4.09,217.47,2.81
162478,b403,1172,176,5,3,9,8048,P,1949,1946 - 1960,54.75,0,4.19,222.94,2.88
162476,b404,1168,175,4,3,9,8048,P,1949,1946 - 1960,54.56,0,4.18,222.18,2.87
162474,b405,1202,173,5,3,9,8048,P,1949,1946 - 1960,56.14,0,4.3,228.6,2.95
162486,b406,1801,179,6,4,9,8048,P,1950,1946 - 1960,83.76,0,6.41,341.08,4.4
162487,b407,1953,183,6,4,9,8048,P,1950,1946 - 1960,90.73,0,6.95,369.48,4.77
